<Anims>
 <anim name="anim_90s" root="odango" numframes="50" framerate="40">
  <frame idx="0" w="353" h="493" x="-32.699001" y="-159.996353">
   <element name="swap_hat" layername="swap_hat" frame="3" z_index="0" m_a="0.979324" m_b="0.000000" m_c="0.000000" m_d="0.979309" m_tx="-3.199000" m_ty="28.400000"/>
  </frame>
  <frame idx="25" w="353" h="493" x="-32.699001" y="-159.996353">
   <element name="swap_hat" layername="swap_hat" frame="3" z_index="0" m_a="0.979324" m_b="0.000000" m_c="0.000000" m_d="0.979309" m_tx="-3.199000" m_ty="28.400000"/>
  </frame>
 </anim>
</Anims>
